,churn _flag count,,,,,gender,count,percentage,,partner,count,percent,,dependent,count,percent,,phoneservice,count,percent
,No,5174,73.46301292,,,Female,3488,49.5244,,Yes,3402,48.3033,,No,4933,70.0412,,No,682,9.6834
,Yes,1869,26.53698708,,,Male,3555,50.4756,,No,3641,51.6967,,Yes,2110,29.9588,,Yes,6361,90.3166
,,,,,,,,,,,,,,,,,,,,
,,,,,,,,,,,,,,,,,,,,
,,,,,,,,,,,,,,,,,,,,
,partner,churn,count,percent,,,seniorcitizen,count,percent,,churn,gender,count,percent,,dependent,churn,count,percent,
,Yes,No,2733,38.8045,,,0,4508,64.0068,,No,Female,2549,36.192,,No,No,3390,48.1329,
,No,No,2441,34.6585,,,0,1393,19.7785,,No,Male,2625,37.271,,No,Yes,1543,21.9083,
,No,Yes,1200,17.0382,,,1,476,6.7585,,Yes,Male,930,13.2046,,Yes,No,1784,25.3301,
,Yes,Yes,669,9.4988,,,1,666,9.4562,,Yes,Female,939,13.3324,,Yes,Yes,326,4.6287,
,,,,,,,,,,,,,,,,,,,,
,,,,,,,,,,,,,,,,,,,,
,,,,,,,,,,,,,,,,,,,,
,,phoneservice,churn,count,percent,,,multiplelines,churn,count,percent,,internetservice,churn,count,percent,,,,
,,No,No,512,7.2696,,,No phone service,No,512,7.27,,DSL,No,1962,27.8574,,,,
,,Yes,No,4662,66.1934,,,No,No,2541,36.08,,DSL,Yes,459,6.5171,,,,
,,Yes,Yes,1699,24.1232,,,No,Yes,849,12.05,,Fiber optic,Yes,1297,18.4154,,,,
,,No,Yes,170,2.4137,,,Yes,Yes,850,12.07,,Fiber optic,No,1799,25.5431,,,,
,,,,,,,,Yes,No,2121,30.12,,No,No,1413,20.0625,,,,
,,,,,,,,No phone service,Yes,170,2.41,,No,Yes,113,1.6044,,,,
,,,,,,,,,,,,,,,,,,,,
,onlinesecurity,churn,count,percent,,,onlinebackup,churn,count,percent,,deviceprotection,churn,count,percent,,,,,
,No,No,2037,28.9223,,,Yes,No,1906,27.0623,,No,No,1884,26.75,,,,,
,Yes,No,1724,24.4782,,,No,No,1855,26.3382,,Yes,No,1877,26.6506,,,,,
,Yes,Yes,295,4.1886,,,Yes,Yes,523,7.4258,,No,Yes,1211,17.1944,,,,,
,No,Yes,1461,20.744,,,No,Yes,1233,17.5067,,Yes,Yes,545,7.7382,,,,,
,No internet service,No,1413,20.0625,,,No internet service,No,1413,20.0625,,No internet service,No,1413,20.0625,,,,,
,No internet service,Yes,113,1.6044,,,No internet service,Yes,113,1.6044,,No internet service,Yes,113,1.6044,,,,,
,,,,,,,,,,,,,,,,,,,,
,techsupport,churn,count,percent,,,,,,,,,,,,,,,,
,No,No,2027,28.7803,,,streamingtv,churn,count,percent,,,streamingmovies,churn,count,percent,,,,
,No,Yes,1446,20.531,,,No,No,1868,26.5228,,,No,No,1847,26.2246,,,,
,Yes,No,1734,24.6202,,,No,Yes,942,13.375,,,No,Yes,938,13.3182,,,,
,Yes,Yes,310,4.4015,,,Yes,Yes,814,11.5576,,,Yes,Yes,818,11.6144,,,,
,No internet service,No,1413,20.0625,,,Yes,No,1893,26.8778,,,No internet service,No,1413,20.0625,,,,
,No internet service,Yes,113,1.6044,,,No internet service,No,1413,20.0625,,,Yes,No,1914,27.1759,,,,
,,,,,,,No internet service,Yes,113,1.6044,,,No internet service,Yes,113,1.6044,,,,
,,,,,,,,,,,,,,,,,,,,
,,,,,,,,,,,,,,,,,,,,
,,contract,churn,count,percent,,,paperlessbilling,churn,count,,,,,,,,,,
,,Month-to-month,No,2220,31.5207,,,Yes,No,2771,,,,,,,,,,
,,One year,No,1307,18.5574,,,No,No,2403,,,,,,,,,,
,,Month-to-month,Yes,1655,23.4985,,,Yes,Yes,1400,,,,,,,,,,
,,Two year,No,1647,23.3849,,,,,,,,,,,,,,,
,,Two year,Yes,48,0.6815,,,,,,,,,,,,,,,
,,One year,Yes,166,2.357,,,,,,,,,,,,,,,
